"Step,Responsible,Accountable,Supportive,Consulted,Informed"
"Feedback Collection,Customer Support, Product Management,Product Management,Engineering, Marketing,Executive Team,All Teams"
"Feedback Analysis,Product Management, Customer Support,Product Management,Engineering, Marketing,Executive Team,All Teams"
"Feature Design,Product Management, Engineering,Product Management,Customer Support, Marketing,Executive Team,All Teams"
"Implementation,Backend Team, Frontend Team,Engineering,Product Management, QA Team,Executive Team,All Teams"
"Testing,QA Team, Engineering,QA Team,Product Management, Customer Support,Executive Team,All Teams"
"Documentation,Product Management, Marketing,Product Management,Engineering, Customer Support,Executive Team,All Teams"
"Release Preparation,Engineering, Product Management,Engineering,QA Team, Marketing,Executive Team,All Teams"
"Marketing Communication,Marketing, Product Management,Marketing,Engineering, Customer Support,Executive Team,All Teams"
"Customer Training,Customer Support, Marketing,Customer Support,Product Management, Engineering,Executive Team,All Teams"
"Deployment,Engineering, Customer Support,Engineering,Product Management, QA Team,Executive Team,All Teams"
